"SKU","SKU",module,Magento_AdvancedCheckout
"Sku","SKU",module,Magento_AdvancedCheckout
"SKU","SKU",module,Magento_Bundle
"SKU","SKU",module,Magento_BundleStaging
"SKU","SKU",module,Magento_Catalog
"SKU","SKU",module,Magento_CatalogRule
"SKU","SKU",module,Magento_CatalogStaging
"SKU","SKU",module,Magento_CatalogWidget
"SKU","SKU",module,Magento_ConfigurableProduct
"SKU","SKU",module,Magento_ConfigurableProductStaging
"SKU","SKU",module,Magento_Customer
"SKU","SKU",module,Magento_Downloadable
"SKU","SKU",module,Magento_GiftRegistry
"SKU","SKU",module,Magento_GroupedProduct
"SKU","SKU",module,Magento_GroupedProductStaging
"SKU","SKU",module,Magento_MultipleWishlist
"SKU","SKU",module,Magento_NegotiableQuote
"SKU","SKU",module,Magento_Reminder
"SKU","SKU",module,Magento_Reports
"SKU","SKU",module,Magento_Review
"SKU","SKU",module,Magento_Sales
"SKU","SKU",module,Magento_Shipping
"SKU","SKU",module,Magento_UrlRewrite
"SKU","SKU",module,Magento_VisualMerchandiser
"CMS Static Block","Bloque CMS",module,Magento_Cms
"CMS Static Block Default Template","Bloque CMS Plantilla Default",module,Magento_Cms
"Content Heading","Contenido cabecera",module,Magento_Cms
"CMS No Route Page","Página 404",module,Magento_Cms
"CMS No Cookies Page","Página Cookies no activadas",module,Magento_Cms
"Show Breadcrumbs for CMS Pages","Mostrar breadcrumbs en páginas CMS",module,Magento_Cms
"Meta Description","Meta descripción",module,Magento_Catalog
"Payment Failed Emails","Email pagos erróneos",module,Magento_Checkout
"Payment Failed Email Sender","Email pagos erróneos sender",module,Magento_Checkout
"Payment Failed Template","Email pagos erróneos - Plantilla",module,Magento_Checkout
"Send Payment Failed Email Copy To","Copia de email pago erróneo",module,Magento_Checkout
"Send Payment Failed Email Copy Method","Método de copia de email pago erróneo",module,Magento_Checkout
"Bcc","Copia oculta",module,Magento_Config
"Separate Email","Emails separados",module,Magento_Config
"Search...","Buscar..."
"Show Password","Mostrar contraseña"
"Wishlist","Lista de deseos"
"Your order # is:","Tu pedido #"
"Order Date:","Fecha:"
"optional","opcional"
"The order wasn't placed. First, agree to the terms and conditions, then try placing your order again.","Debe aceptar los términos y condiciones"
"The coupon code isn\'t valid. Verify the code and try again.","Este código de cupón no es válido"
"State","Provincia"
"1 item","1 Ítem"
"%1 items","%1 Ítem(s)"
"Your order number is:","Tu número de pedido es:"
"Order details:","Detalle del pedido:"
"Related Products","Productos relacionados"
"Provided Zip/Postal Code seems to be invalid.","El código postal parece ser inválido."
"Sign up","Registrarse"
"Agree","Acepto"
"Cookie Policy","Política de cookies"
"Click here to learn about cookies","Click aquí para más información acerca de las cookies"
"Place Order","Finalizar pedido"
"Customer ID","Kundenidentifikationsbezeichnung"
"Select Block...","Selecciona bloque...",module,Magento_Cms
"We found other products you might like!","Complementa tu compra",module,Magento_Catalog
"Add","Añadir"
"Search...", "Buscar..."
"All Categories", "Todo"
"As low as","Desde"
"as low as","desde"
"My Account","Mi cuenta"
"Show Password","Mostrar contraseña"
"Recently Ordered","Recientemente comprado",module,Magento_Sales
"Details","Detalle"
"Read more","Leer más"
"Recent Posts","Entradas recientes"
"Share on %1","Compartir en %1"
"View cart","Ver carrito"
"View Cart","Ver carrito"
"Place Order","Realizar pedido"
"Your order number is:","Su número de pedido es:"
"Your order number is: %1.","Su número de pedido es: %1."
"Order details:","Detalle del pedido:"
"Order Date:","Fecha del pedido"
"See All","Ver todos"
"No shipping method selected","No ha seleccionado un método de envío"
"Sorry, no quotes are available for this order at this time","No hay métodos de envío disponibles para la dirección seleccionada"